Timestamp, Pad 0, Pad 1, Pad 2, Pad 3, Pad 4, Pad 5
3026.4053,41913,41848,41732,44258,45701,47879
4024.8071,41901,41880,41742,44252,45707,47959
7066.8124,41916,41883,41751,44251,45710,48089
8080.8142,41876,41905,41753,44259,45715,48137
9099.8161,41932,41888,41751,44250,45716,48181
10113.8179,41931,41900,41763,44254,45724,48200
11127.8196,41862,41887,41752,44259,45710,48210
12141.8214,41864,41895,41759,44253,45720,48237
13155.8232,41920,41904,41759,44263,45720,48259
14169.825,41915,41887,41750,44260,45714,48257
15183.8268,41869,41895,41746,44273,45723,48282
16197.8285,41940,41887,41754,44256,45719,48289
17211.8303,41891,41886,41746,44253,45702,48277
18225.8321,41937,41882,41747,44251,45707,48292
19239.8339,41912,41900,41752,44256,45716,48302
20253.8357,41897,41876,41743,44240,45701,48194
21267.8375,41856,41862,41732,44192,44661,47623
22281.8392,41854,41865,41737,43685,44638,47634
23295.841,41835,41860,41672,43316,44641,47637
24309.8428,41848,41445,40788,43247,44634,47636
25309.6455,41836,41856,41689,43350,44626,47612
26323.6473,41876,41832,41573,43279,44641,47633
27337.6491,41855,41827,40986,43257,44629,47621
28351.6508,41886,41863,41728,43774,44653,47632
29365.6526,41880,41878,41734,44231,44774,47642
30379.6544,41910,41865,41742,44255,45150,47642
31393.6562,41856,41891,41745,44265,45462,47665
32407.658,41871,41876,41742,44244,45577,47673
33421.6597,41929,41881,41752,44262,45661,47728
34435.6615,41941,41883,41746,44256,45677,47766
35449.6633,41869,41890,41751,44276,45714,47862
36463.6651,41874,41891,41749,44260,45703,47919
37477.6669,41884,41889,41762,44258,45706,47966
38491.6686,41875,41889,41749,44255,45699,48015
39507.6705,41875,41899,41749,44254,45702,48066
40521.6723,41878,41892,41747,44267,45710,48126
41535.6741,41924,41902,41754,44265,45720,48170
42549.6759,41931,41899,41739,44256,45709,48185
43563.6777,41926,41883,41745,44265,45704,48211
44577.6794,41878,41897,41757,44267,45707,48234
45591.6812,41943,41895,41753,44265,45710,48251
46605.683,41931,41889,41750,44255,45705,48250
47619.6848,41926,41893,41745,44262,45707,48280
48633.6866,41947,41912,41753,44274,45718,48286
49647.6884,41865,41902,41740,44260,45703,48294
50661.6901,41881,41877,41744,44253,45704,48292
51675.6919,41933,41880,41745,44272,45721,48301
52689.6937,41923,41907,41748,44266,45699,48303
53703.6955,41878,41896,41753,44264,45706,48317
54717.6973,41898,41890,41748,44277,45711,48323
55731.699,41887,41888,41749,44260,45710,48332
56745.7008,41947,41899,41752,44262,45706,48361
57759.7026,41940,41902,41751,44262,45705,48382
58773.7044,41930,41899,41749,44263,45715,48392
59787.7062,41892,41920,41752,44245,45698,48378
60801.7079,41901,41906,41749,44240,45708,48388
61815.7097,41940,41899,41751,44269,45719,48407
62829.7115,41872,41894,41759,44255,45709,48397
63843.7133,41903,41890,41752,44262,45705,48402
64857.7151,41940,41901,41742,44250,45706,48401
65871.7168,41945,41899,41748,44250,45705,48405
66885.7186,41891,41921,41747,44252,45701,48418
67899.7204,41909,41909,41754,44257,45707,48432
68913.7222,41862,41895,41749,44262,45710,48434
69927.724,41922,41902,41754,44275,45709,48433
70943.7259,41903,41899,41752,44262,45719,48460
71957.7276,41879,41914,41750,44246,45707,48439
72971.7294,41945,41917,41759,44268,45717,48455
73985.7312,41904,41908,41765,44269,45717,48473
74999.733,41933,41903,41760,44258,45707,48461
76013.7348,41924,41907,41761,44273,45719,48476
77027.7366,41897,41896,41755,44258,45708,48461
78041.7383,41897,41896,41753,44267,45721,48474
79055.7401,41940,41889,41758,44262,45714,48480
80069.7419,41876,41896,41756,44258,45727,48471
81083.7437,41901,41902,41746,44252,45705,48464
82097.7455,41906,41889,41752,44254,45703,48472
83111.7472,41896,41914,41754,44259,45708,48473
84125.749,41930,41909,41757,44267,45717,48491
85139.7508,41922,41909,41764,44275,45724,48504
86153.7526,41881,41902,41763,44277,45725,48501
87167.7544,41935,41909,41750,44258,45718,48500
88181.7561,41885,41903,41749,44252,45705,48483
89195.7579,41868,41901,41764,44269,45698,48491
90209.7597,41906,41890,41756,44256,45707,48502
91223.7615,41933,41911,41762,44270,45717,48504
92237.7633,41927,41913,41761,44264,45701,48492
93251.765,41935,41898,41750,44259,45700,48495
94265.7668,41902,41896,41754,44266,45701,48512
95279.7686,41883,41910,41757,44257,45705,48507
96293.7704,41915,41891,41755,44258,45698,48509
97307.7722,41891,41900,41764,44266,45711,48514
98321.774,41886,41910,41757,44261,45699,48513
99335.7757,41874,41912,41765,44267,45705,48516
100349.7775,41881,41895,41761,44259,45712,48526
101363.7793,41922,41900,41757,44257,45704,48523
102380.7812,41915,41917,41762,44261,45716,48536
103394.783,41896,41910,41767,44269,45707,48532
104408.7848,41869,41909,41753,44272,45712,48529
105422.7866,41900,41905,41769,44271,45715,48535
106436.7884,41904,41902,41758,44264,45704,48534
107450.7902,41947,41905,41748,44261,45700,48513
108464.7919,41893,41902,41756,44260,45704,48520
109478.7937,41900,41898,41759,44264,45704,48518
110492.7955,41932,41903,41765,44264,45715,48526
111506.7973,41921,41902,41760,44262,45711,48522
112520.7991,41931,41900,41763,44265,45721,48543
113534.8008,41876,41904,41761,44268,45715,48535
114548.8026,41921,41913,41770,44266,45723,48534
115562.8044,41908,41910,41773,44266,45725,48539
116576.8062,41928,41901,41768,44267,45720,48540
117590.808,41923,41901,41760,44270,45716,48528
118604.8097,41909,41895,41756,44260,45717,48534
119618.8115,41891,41899,41763,44267,45718,48537
120632.8133,41896,41912,41764,44259,45711,48534
121646.8151,41905,41895,41765,44265,45718,48532
122660.8169,41878,41898,41763,44269,45719,48541
123674.8187,41931,41904,41763,44272,45712,48538
124688.8204,41908,41910,41761,44258,45716,48539
125702.8222,41897,41917,41763,44276,45714,48542
126716.824,41911,41898,41764,44266,45715,48530
127730.8258,41913,41902,41764,44260,45725,48542
128744.8276,41922,41903,41756,44254,45712,48539
129758.8293,41898,41907,41766,44253,45725,48540
130772.8311,41893,41915,41763,44264,45717,48540
131786.8329,41936,41898,41758,44261,45711,48534
132802.8348,41897,41872,41770,44260,45715,48540
133816.8366,41920,41893,41753,44262,45716,48544
134830.8384,41886,41905,41750,44259,45710,48526
135844.8401,41938,41898,41757,44265,45710,48530
136858.8419,41885,41914,41763,44273,45721,48546
137872.8437,41865,41905,41753,44267,45720,48553
138886.8455,41916,41900,41764,44265,45713,48537
139900.8473,41886,41895,41758,44272,45711,48541
140914.849,41903,41896,41757,44273,45716,48539
141928.8508,41909,41899,41753,44263,45712,48543
142942.8526,41872,41891,41753,44270,45709,48533
143956.8544,41878,41908,41764,44265,45722,48547
144970.8562,41905,41898,41752,44270,45717,48535
145984.8579,41917,41893,41761,44285,45722,48541
146998.8597,41893,41909,41753,44276,45723,48551
148012.8615,41878,41927,41766,44284,45715,48551
149026.8633,41914,41921,41761,44272,45727,48549
150040.8651,41920,41896,41762,44267,45714,48540
151054.8669,41891,41903,41754,44261,45713,48549
152068.8686,41898,41911,41750,44265,45711,48534
153082.8704,41882,41920,41752,44258,45720,48551
154096.8722,41877,41912,41760,44274,45733,48546
155110.874,41904,41897,41751,44263,45706,48529
156124.8758,41876,41899,41761,44271,45721,48549
157138.8775,41933,41904,41765,44278,45714,48549
158152.8793,41879,41907,41765,44280,45723,48554
159166.8811,41956,41912,41757,44267,45720,48550
160180.8829,41899,41921,41755,44263,45719,48550
161194.8847,41923,41909,41751,44274,45718,48552
162208.8864,41960,41923,41758,44260,45705,48545
163222.8882,41944,41908,41761,44265,45720,48549
164238.8901,41889,41916,41752,44256,45702,48545
165252.8919,41886,41911,41759,44256,45721,48559
166266.8937,41918,41919,41759,44257,45709,48539
167280.8955,41945,41901,41761,44263,45712,48551
168294.8972,41871,41919,41766,44266,45712,48549
169308.899,41926,41901,41750,44258,45725,48558
170322.9008,41864,41905,41751,44264,45713,48550
171336.9026,41941,41906,41759,44271,45713,48561
172350.9044,41886,41908,41762,44273,45722,48565
173364.9061,41864,41917,41771,44267,45729,48567
174378.9079,41897,41908,41752,44258,45705,48564
175392.9097,41876,41918,41753,44257,45706,48577
176406.9115,41921,41915,41756,44273,45710,48583
177420.9133,41888,41908,41755,44271,45720,48580
178434.9151,41926,41911,41760,44262,45709,48578
179448.9168,41922,41917,41761,44272,45715,48581
180462.9186,41901,41918,41762,44267,45713,48577
181476.9204,41928,41908,41756,44263,45711,48584
182490.9222,41950,41908,41759,44280,45711,48584
183504.924,41922,41883,41752,44269,45698,48573
184518.9257,41912,41885,41757,44269,45712,48582
185532.9275,41938,41905,41758,44253,45714,48585
186546.9293,41906,41899,41750,44241,45707,48578
187560.9311,41910,41899,41771,44263,45710,48591
188574.9329,41883,41884,41759,44261,45708,48584
191616.9382,41890,41905,41764,44261,45715,48596
192630.94,41920,41871,41740,44259,45677,48591
193644.9418,41866,41892,41752,44261,45715,48592
194658.9435,41909,41876,41728,44246,45675,48579
195674.3463,41876,41881,41751,44265,45711,48585
196688.3481,41914,41892,41759,44244,45709,48583
197702.3498,41888,41899,41757,44267,45704,48584
198716.3516,41888,41891,41757,44264,45712,48595
199730.3534,41885,41876,41764,44261,45717,48592
200744.3552,41906,41896,41765,44272,45720,48589
201758.357,41886,41894,41750,44259,45702,48584
202772.3587,41897,41895,41756,44258,45722,48592
203786.3605,41909,41876,41751,44243,45706,48586
204800.3623,41907,41899,41759,44270,45720,48587
205814.3641,41904,41868,41758,44252,45710,48595
206828.3659,41913,41898,41762,44258,45705,48593
207842.3676,41850,41867,41727,44245,45673,48584
208856.3694,41921,41898,41757,44266,45720,48596
209870.3712,41894,41856,41741,44262,45693,48590
210884.373,41869,41880,41765,44264,45687,48599
211898.3748,41849,41880,41752,44270,45712,48589
212912.3766,41900,41901,41752,44275,45718,48606
213926.3783,41921,41878,41737,44252,45695,48558
214940.3801,41879,41903,41763,44248,45702,48588
215954.3819,41910,41872,41724,44242,45689,48590
216968.3837,41869,41876,41736,44259,45715,48596
217982.3855,41910,41896,41757,44268,45717,48595
218996.3872,41907,41876,41747,44267,45715,48593
220010.389,41929,41902,41753,44268,45716,48608
221024.3908,41950,41895,41757,44274,45718,48607
222038.3926,41902,41887,41754,44280,45725,48633
223052.3944,41939,41896,41760,44261,45706,48615
224066.3961,41952,41909,41760,44277,45717,48617
225080.3979,41951,41895,41763,44269,45719,48621
226094.3997,41866,41872,41732,44261,45715,48616
227110.4016,41897,41904,41756,44278,45716,48619
228124.4034,41952,41893,41765,44281,45726,48632
229138.4052,41943,41899,41755,44274,45717,48626
230152.4069,41921,41899,41751,44263,45722,48627
231166.4087,41918,41898,41767,44275,45719,48627
232180.4105,41903,41888,41762,44260,45712,48627
233194.4123,41929,41888,41755,44271,45721,48635
234208.4141,41909,41891,41756,44265,45710,48620
235222.4158,41858,41907,41755,44266,45725,48629
236236.4176,41907,41907,41756,44268,45719,48626
237250.4194,41936,41888,41758,44269,45721,48633
238264.4212,41919,41888,41759,44271,45707,48639
239278.423,41908,41897,41760,44279,45725,48638
240292.4248,41879,41898,41758,44260,45718,48627
241306.4265,41904,41910,41766,44264,45714,48622
242320.4283,41873,41892,41755,44260,45712,48630
243334.4301,41922,41907,41760,44277,45727,48644
244348.4319,41937,41901,41773,44275,45727,48635
245362.4337,41914,41905,41754,44272,45713,48619
246376.4354,41891,41901,41766,44275,45721,48627
247390.4372,41905,41883,41755,44273,45718,48646
248404.439,41879,41898,41750,44260,45711,48620
249418.4408,41921,41893,41753,44268,45723,48655
250432.4426,41873,41906,41761,44271,45717,48637
251446.4443,41930,41894,41757,44255,45706,48630
252460.4461,41896,41888,41755,44269,45715,48636
253474.4479,41892,41904,41758,44265,45709,48631
254488.4497,41909,41893,41759,44272,45716,48643
255502.4515,41894,41901,41764,44269,45711,48633
256516.4532,41895,41901,41760,44268,45710,48628
257516.8551,41890,41897,41751,44258,45715,48637
258530.8569,41900,41914,41759,44255,45711,48626
259544.8587,41885,41895,41759,44267,45712,48632
260558.8605,41896,41900,41752,44269,45718,48640
261572.8622,41868,41897,41752,44258,45705,48631
262586.864,41896,41899,41747,44258,45708,48631
263600.8658,41874,41908,41751,44279,45717,48646
264614.8676,41918,41908,41746,44268,45706,48636
265628.8694,41884,41919,41749,44271,45715,48639
266642.8711,41894,41923,41760,44279,45714,48632
267656.8729,41936,41915,41749,44259,45701,48631
268670.8747,41863,41902,41756,44268,45707,48635
269684.8765,41934,41902,41745,44259,45713,48645
270698.8783,41870,41910,41750,44274,45719,48642
271712.8801,41873,41898,41754,44266,45697,48623
272726.8818,41870,41901,41770,44260,45715,48640
273740.8836,41914,41902,41753,44264,45708,48630
274754.8854,41888,41901,41757,44278,45724,48648
275768.8872,41890,41910,41757,44262,45710,48636
276782.889,41925,41900,41759,44274,45705,48634
277796.8907,41892,41892,41756,44259,45719,48651
278810.8925,41876,41912,41752,44275,45705,48637
279824.8943,41948,41908,41752,44263,45706,48641
280838.8961,41855,41912,41749,44263,45698,48635
281852.8979,41888,41901,41762,44273,45714,48652
282866.8996,41908,41900,41755,44266,45716,48657
283880.9014,41941,41899,41761,44260,45723,48665
284894.9032,41871,41900,41767,44266,45721,48656
285908.905,41874,41909,41752,44273,45716,48654
286922.9068,41907,41889,41743,44264,45713,48644
287936.9085,41873,41889,41757,44263,45709,48645
288952.9104,41879,41912,41758,44269,45724,48656
289966.9122,41871,41898,41749,44264,45712,48647
290980.914,41890,41901,41755,44274,45717,48667
291994.9158,41933,41903,41746,44261,45723,48661
293008.9176,41907,41913,41751,44260,45708,48658
294022.9193,41871,41897,41765,44277,45718,48652
295036.9211,41903,41903,41770,44264,45736,48679
296050.9229,41926,41907,41763,44259,45707,48648
297064.9247,41921,41909,41753,44261,45702,48643
298078.9265,41917,41892,41755,44267,45716,48666
299092.9283,41873,41905,41747,44276,45708,48664
300106.93,41904,41908,41754,44270,45727,48679
301120.9318,41877,41903,41749,44261,45708,48666
302134.9336,41919,41909,41746,44255,45716,48667
303148.9354,41869,41909,41749,44259,45713,48669
304162.9372,41902,41884,41748,44261,45713,48665
305176.9389,41911,41900,41760,44267,45722,48677
306190.9407,41915,41904,41750,44268,45714,48670
307204.9425,41943,41904,41750,44255,45715,48667
308218.9443,41854,41882,41746,44256,45714,48676
309232.9461,41910,41900,41752,44267,45708,48672
310246.9478,41869,41916,41758,44268,45719,48676
311260.9496,41875,41907,41756,44260,45719,48660
312274.9514,41878,41890,41764,44269,45712,48665
313288.9532,41923,41905,41755,44261,45704,48664
314302.955,41925,41904,41761,44276,45716,48668
315316.9567,41887,41903,41757,44260,45707,48661
316330.9585,41901,41906,41757,44267,45722,48666
317344.9603,41886,41910,41760,44255,45707,48660
321402.9675,41857,41886,41749,44274,45725,48671
322416.9693,41907,41905,41746,44254,45708,48661
323430.9711,41890,41875,41726,44240,45671,48628
324444.9729,41865,41897,41761,44262,45710,48672
325458.9747,41914,41885,41752,44271,45708,48665
326472.9765,41877,41868,41745,44261,45693,48655
327486.9782,41907,41878,41739,44245,45708,48662
328500.98,41877,41867,41726,44255,45685,48645
329514.9818,41881,41869,41719,44236,45677,48631
330528.9836,41894,41880,41727,44242,45673,48646
331542.9854,41884,41883,41758,44269,45714,48673
332556.9871,41894,41874,41732,44260,45701,48669
333570.9889,41897,41853,41739,44252,45685,48674
334584.9907,41919,41860,41755,44242,45688,48681
335598.9925,41895,41872,41740,44257,45711,48680
336612.9943,41909,41893,41745,44265,45700,48677
337626.996,41872,41876,41726,44268,45695,48687
338640.9978,41881,41876,41739,44271,45711,48686
339654.9996,41878,41890,41752,44266,45708,48684
340669.0014,41912,41866,41743,44240,45700,48682
341683.0032,41940,41906,41756,44268,45713,48688
342697.005,41901,41905,41758,44275,45710,48681
343711.0067,41907,41901,41745,44255,45698,48681
344725.0085,41947,41904,41755,44269,45702,48691
345739.0103,41867,41910,41754,44266,45702,48690
346753.0121,41906,41894,41748,44270,45701,48685
347767.0139,41914,41898,41757,44280,45702,48692
348781.0156,41884,41886,41745,44248,45692,48678
349795.0174,41940,41895,41739,44264,45700,48681
350809.0192,41870,41897,41743,44269,45701,48683
351825.0211,41878,41909,41753,44270,45705,48687
352839.0229,41925,41906,41750,44253,45698,48689
353853.0247,41885,41895,41745,44262,45690,48686
354867.0264,41871,41902,41760,44259,45695,48685
355881.0282,41864,41885,41748,44273,45710,48692
356895.03,41905,41881,41744,44245,45695,48682
357909.0318,41884,41912,41752,44261,45700,48678
358923.0336,41934,41891,41752,44252,45704,48685
359937.0353,41940,41889,41741,44261,45701,48679
360951.0371,41871,41888,41744,44264,45707,48679
361965.0389,41895,41900,41752,44266,45701,48677
362979.0407,41921,41895,41749,44264,45703,48683
363993.0425,41920,41896,41754,44264,45696,48680
365007.0442,41862,41886,41750,44267,45699,48676
366021.046,41938,41887,41754,44264,45712,48689
367035.0478,41888,41901,41746,44260,45710,48694
368049.0496,41913,41890,41752,44266,45706,48683
369063.0514,41927,41897,41747,44257,45698,48679
370077.0532,41904,41900,41747,44260,45703,48679
371091.0549,41881,41880,41744,44255,45701,48677
372105.0567,41874,41886,41740,44261,45701,48677
373119.0585,41889,41886,41745,44256,45702,48687
374133.0603,41920,41896,41747,44264,45720,48693
375147.0621,41888,41896,41746,44258,45708,48693
376161.0638,41889,41886,41745,44264,45694,48683
377175.0656,41870,41899,41754,44269,45719,48692
378189.0674,41903,41886,41749,44261,45700,48688
379203.0692,41931,41890,41751,44255,45702,48688
380217.071,41928,41888,41749,44262,45700,48687
381231.0727,41912,41888,41741,44258,45691,48690
382245.0745,41899,41880,41740,44265,45703,48682
383261.0764,41850,41896,41741,44251,45687,48673
384275.0782,41891,41896,41749,44258,45701,48674
385289.08,41885,41893,41742,44256,45699,48679
386303.0818,41912,41895,41751,44271,45698,48688
387317.0835,41918,41884,41740,44247,45692,48675
388331.0853,41875,41875,41746,44252,45696,48680
389345.0871,41865,41898,41740,44257,45696,48687
390359.0889,41911,41894,41749,44256,45701,48697
391373.0907,41925,41891,41742,44257,45703,48687
392387.0924,41930,41888,41731,44264,45712,48696
393401.0942,41937,41907,41753,44264,45698,48685
394415.096,41923,41868,41748,44269,45706,48694
395429.0978,41862,41871,41742,44248,45696,48693
396443.0996,41861,41892,41736,44261,45703,48681
397457.1014,41909,41892,41740,44250,45693,48689
398471.1031,41902,41903,41747,44262,45703,48687
399485.1049,41866,41900,41739,44248,45695,48680
400499.1067,41917,41891,41739,44259,45696,48678
401513.1085,41891,41904,41742,44259,45713,48692
402527.1103,41907,41880,41743,44265,45707,48694
403541.112,41916,41882,41748,44268,45704,48685
404555.1138,41872,41889,41749,44255,45706,48688
405569.1156,41894,41884,41743,44254,45697,48688
406583.1174,41926,41894,41753,44268,45704,48696
407597.1192,41913,41887,41746,44268,45706,48695
408611.1209,41887,41895,41735,44256,45699,48688
409625.1227,41866,41887,41750,44276,45715,48703
410639.1245,41934,41892,41742,44252,45705,48694
411653.1263,41852,41892,41746,44261,45704,48693
412667.1281,41891,41896,41741,44257,45693,48685
413681.1298,41911,41887,41750,44275,45707,48693
414697.1317,41914,41892,41752,44262,45705,48687
415711.1335,41845,41882,41742,44268,45692,48687
416725.1353,41884,41883,41743,44261,45704,48712
417739.1371,41915,41891,41744,44259,45706,48720
418753.1389,41863,41887,41745,44262,45714,48721
419767.1406,41917,41900,41739,44253,45696,48714
420781.1424,41880,41882,41739,44259,45708,48720
421795.1442,41865,41888,41745,44268,45704,48717
422809.146,41869,41891,41737,44261,45700,48732
423823.1478,41866,41897,41731,44256,45693,48724
424837.1496,41904,41893,41736,44267,45692,48730
425851.1513,41878,41892,41740,44262,45700,48721
426865.1531,41894,41885,41732,44251,45691,48721
427879.1549,41901,41883,41743,44259,45706,48721
428893.1567,41857,41892,41739,44259,45703,48737
429907.1585,41875,41904,41757,44260,45701,48729
430921.1602,41893,41895,41739,44256,45701,48733
431935.162,41917,41897,41731,44251,45695,48726
432949.1638,41915,41885,41746,44264,45692,48723
433963.1656,41906,41876,41737,44258,45710,48738
434977.1674,41919,41886,41743,44263,45704,48734
435991.1691,41914,41891,41748,44270,45713,48736
437005.1709,41909,41888,41743,44267,45697,48725
438019.1727,41916,41886,41739,44268,45707,48739
439033.1745,41908,41891,41739,44261,45700,48727
440047.1763,41839,41877,41736,44256,45695,48733
441061.1781,41868,41881,41739,44269,45712,48731
442075.1798,41881,41876,41732,44259,45686,48729
443089.1816,41889,41878,41739,44266,45710,48736
444103.1834,41903,41890,41735,44268,45701,48734
445117.1852,41892,41876,41741,44266,45701,48720
446133.1871,41922,41885,41739,44261,45699,48725
447147.1889,41921,41888,41734,44266,45708,48744
448161.1906,41915,41885,41748,44269,45702,48731
449175.1924,41908,41889,41741,44269,45700,48735
450189.1942,41914,41887,41736,44254,45694,48733
451203.196,41874,41884,41739,44270,45684,48728
452217.1978,41916,41891,41728,44245,45677,48715
453231.1995,41851,41880,41735,44252,45681,48731
454245.2013,41898,41878,41751,44257,45699,48737
455259.2031,41887,41886,41739,44264,45711,48733
456273.2049,41877,41897,41742,44250,45691,48726
457287.2067,41915,41872,41747,44254,45705,48734
458301.2084,41910,41886,41739,44263,45702,48719
459315.2102,41870,41892,41748,44268,45698,48736
460329.212,41918,41910,41746,44242,45698,48723
461343.2138,41900,41886,41740,44254,45689,48720
462357.2156,41902,41869,41753,44261,45708,48733
463371.2173,41887,41873,41739,44250,45693,48724
464385.2191,41866,41874,41735,44247,45693,48721
465399.2209,41908,41901,41751,44260,45714,48738
466413.2227,41921,41885,41740,44251,45700,48729
467427.2245,41872,41889,41742,44247,45689,48727
468441.2263,41870,41877,41739,44253,45689,48724
469455.228,41894,41869,41740,44252,45690,48729
470469.2298,41909,41883,41742,44251,45691,48724
471483.2316,41927,41887,41750,44256,45702,48742
472497.2334,41922,41881,41744,44253,45699,48723
473511.2352,41870,41874,41742,44247,45690,48732
474525.2369,41909,41892,41749,44246,45685,48721
475539.2387,41893,41881,41742,44246,45695,48741
476553.2405,41924,41882,41745,44255,45702,48749
477569.2424,41867,41878,41737,44247,45699,48727
478583.2442,41927,41884,41740,44240,45690,48737
479597.246,41853,41871,41743,44247,45689,48721
480611.2477,41862,41889,41732,44255,45688,48727
481625.2495,41906,41886,41743,44249,45687,48724
482639.2513,41853,41893,41748,44256,45703,48743
483653.2531,41856,41892,41749,44252,45693,48737
484667.2549,41918,41879,41736,44256,45688,48731
485681.2566,41910,41870,41737,44249,45690,48734
486695.2584,41898,41886,41743,44244,45685,48716
487709.2602,41935,41875,41741,44252,45686,48721
488723.262,41916,41878,41743,44257,45701,48742
489737.2638,41857,41878,41739,44255,45691,48719
490751.2655,41902,41871,41736,44265,45689,48739
491765.2673,41878,41883,41739,44254,45693,48725
492779.2691,41874,41886,41744,44251,45689,48721
493793.2709,41869,41886,41744,44253,45706,48746
494807.2727,41877,41894,41737,44251,45682,48722
495821.2745,41888,41872,41740,44254,45692,48737
496835.2762,41910,41877,41732,44254,45685,48742
497849.278,41916,41873,41734,44266,45701,48740
498863.2798,41860,41880,41745,44262,45688,48727
499877.2816,41898,41882,41746,44249,45685,48724
500891.2834,41931,41886,41736,44254,45678,48728
501905.2851,41911,41887,41739,44251,45693,48742
502906.4888,41918,41871,41734,44247,45693,48737
503924.4908,41903,41888,41734,44256,45687,48727
504938.4926,41848,41875,41732,44261,45693,48760
505953.4944,41883,41858,585,2860,42233,48731
506967.4962,41906,41870,41740,44264,45695,48746
507981.498,41861,41854,41724,44234,45686,48734
508999.5,41876,41893,41730,44251,45702,48756
510013.5018,41859,41888,41737,44259,45694,48745
511027.5035,41898,41881,41741,44259,45704,48748
512041.5053,41852,41883,41735,44255,45710,48745
513055.5071,41863,41876,41736,44257,45685,48731
514069.5089,41910,41887,41722,44253,45693,48741
515083.5107,41876,41874,41739,44252,45684,48736
516097.5125,41904,41882,41733,44253,45681,48748
517113.5143,41893,41883,41750,44252,45690,48737
518127.5161,41908,41890,41739,44258,45685,48741
519141.5179,41927,41861,41723,44250,45689,48738
520155.5197,41848,41896,41735,44251,45687,48743
521169.5215,41903,41889,41733,44254,45697,48748
522182.3336,41920,41875,41736,44254,45680,48732
523195.7362,41904,41881,41726,44250,45694,48741
524213.139,41897,41879,41743,44249,45687,48732
525218.5412,41881,41878,41725,44247,45685,48736
526242.3452,41859,41862,41732,44242,45670,48730
527249.5492,41882,41871,41739,44251,45684,48752
528259.3568,41867,41872,41739,44250,45684,48740
529283.3592,41897,41880,41737,44238,45691,48731
530297.361,41910,41885,41735,44242,45709,48750
531311.3627,41913,41885,41730,44237,45683,48726
532325.3645,41899,41869,41728,44240,45703,48759
533339.3663,41898,41884,41728,44238,45688,48726
534341.3804,41912,41866,41732,44237,45690,48738
535364.193,41855,41872,41734,44242,45686,48743
536371.229,41831,41890,41731,44240,45686,48735
537395.6322,41927,41874,41731,44236,45683,48746
538396.435,41870,41882,41736,44252,45707,48739
539423.8384,41922,41883,41736,44246,45689,48738
540425.6412,41852,41877,41747,44238,45701,48755
541443.6476,41838,41856,41739,44247,45695,48741
542462.0505,41858,41847,41722,44247,45686,48747
543470.8537,41887,41877,41734,44254,45682,48737
544488.2565,41902,41876,41729,44248,45683,48742
545507.2629,41901,41871,41726,44240,45681,48736
546514.6652,41868,41871,41731,44250,45687,48732
547531.068,41903,41873,41739,44257,45706,48748
550564.0771,41873,41849,41693,44222,45646,48696
551582.48,2352,39290,41712,44244,35442,10802
552593.4946,41841,41875,41718,44224,45688,48756
553607.4964,41853,41882,41727,44219,45683,48738
554621.4982,41922,41881,41731,44233,45689,48736
559691.5071,41841,41883,41735,44216,45676,48727
560705.5088,41870,41875,41733,44243,45687,48737
561719.5106,41895,41870,41725,44218,45679,48745
562733.5124,41876,41854,41701,44224,45665,48737
563747.5142,41918,41851,41707,44210,45681,48753
564761.516,41871,41860,41730,44228,45685,48744
565775.5177,41858,41890,41743,44227,45688,48733
566789.5195,41925,41879,41726,44239,45688,48743
567803.5213,41856,41877,41735,44229,45697,48753
568817.5231,41860,41875,41735,44240,45678,48738
569831.5249,41872,41875,41728,44222,45679,48734
570845.5266,41901,41866,41729,44223,45683,48747
571861.5285,41843,41888,41730,44230,45680,48741
572875.5303,41878,41857,41729,44220,45679,48765
573889.5321,41896,41906,41748,44250,45705,48766
574903.5339,41882,41883,41729,44221,45679,48747
575917.5357,41899,41864,41721,44222,45682,48759
576931.5375,41923,41880,41736,44233,45683,48748
577945.5392,41878,41874,41731,44247,45688,48757
578959.541,41864,41877,41730,44218,45686,48746
579973.5428,41844,41877,41729,44227,45683,48750
580987.5446,41861,41868,41727,44222,45683,48758
582001.5464,41926,41874,41733,44231,45683,48756
583015.5481,41881,41879,41733,44220,45678,48747
584029.5499,41895,41867,41739,44218,45687,48761
585043.5517,41864,41868,41730,44236,45681,48748
586057.5535,41911,41868,41732,44231,45684,48751
587071.5553,41918,41872,41741,44208,45684,48749
588085.557,41870,41873,41731,44225,45684,48754
589099.5588,41854,41883,41732,44208,45668,48750
590113.5606,41844,41889,41743,44233,45686,48753
600253.5784,41900,41858,41709,44214,45661,48728
601267.5802,41890,41847,41718,44217,45684,48752
609381.5946,41869,41883,41729,44230,45673,48748
610395.5963,41915,41869,41728,44214,45675,48753
611409.5981,41905,41860,41734,44216,45682,48771
612423.5999,41925,41887,41741,44227,45706,48772
613437.6017,41854,41849,41739,44223,45683,48757
614451.6035,41854,41842,41697,44202,45643,48724
615465.6052,41863,41868,41732,44230,45697,48755
616479.607,41866,41888,41730,44217,45688,48757
617493.6088,41896,41874,41726,44222,45674,48757
618507.6106,41836,41847,41726,44226,45685,48762
619521.6124,41838,41884,41741,44231,45687,48763
620535.6141,41851,41882,41737,44218,45685,48763
621549.6159,41891,41856,41730,44226,45678,48755
622563.6177,41825,41870,41734,44231,45686,48757
623577.6195,41882,41867,41739,44233,45690,48758
624591.6213,41915,41868,41729,44220,45680,48752
625605.6231,41866,41871,41729,44210,45677,48748
626619.6248,41892,41882,41739,44230,45700,48770
627633.6266,41859,41871,41731,44227,45685,48769
628647.6284,41867,41885,41731,44227,45681,48749
629661.6302,41894,41880,41726,44225,45689,48754
630675.632,41898,41849,41728,44231,45684,48769
631689.6337,41904,41876,41728,44226,45681,48772
632703.6355,41908,41873,41728,44221,45680,48762
633717.6373,41896,41865,41732,44239,45684,48774
634731.6391,41861,41869,41727,44224,45680,48760
635747.641,41838,41870,41729,44235,45682,48754
636761.6428,41852,41841,41696,44201,45651,48752
637775.6445,41900,41868,41735,44232,45685,48758
638789.6463,41916,41882,41727,44222,45677,48749
639803.6481,41908,41860,41722,44218,45668,48744
640817.6499,41900,41857,41728,44235,45688,48769
641831.6517,41846,41879,41728,44229,45681,48754
642845.6534,41859,41866,41719,44223,45666,48744
643859.6552,41837,41873,41725,44227,45675,48759
644873.657,41835,41879,41729,44229,45674,48748
645887.6588,41860,41871,41732,44226,45679,48760
646901.6606,41896,41871,41731,44236,45687,48774
647915.6623,41840,41866,41728,44221,45671,48746
655013.6748,41826,41848,41718,44212,45644,48765
656027.6766,2346,2463,36883,44220,45660,48734
657041.6784,2349,2465,36831,44223,45643,48715
658049.0806,41853,41856,41707,44207,45653,48749
928792.3582,41870,41847,41707,44211,45662,48768
929806.36,41849,41805,41667,44183,45619,48743
930820.3617,41821,41836,41708,44210,45661,48778
931834.3635,41811,41831,41706,44215,45685,48786
932848.3653,41814,41816,41687,44205,45691,48793
933862.3671,41805,41814,41698,44210,45669,48778
934876.3689,41845,41839,41698,44195,45668,48790
935890.3706,41830,41850,41714,44203,45678,48792
936904.3724,41835,41823,41683,44205,45677,48791
937918.3742,41832,41840,41709,44224,45677,48791
938932.376,41837,41815,41675,44185,45644,48768
939946.3778,41815,41847,41704,44195,45666,48790
940960.3795,41861,41828,41675,44200,45642,48775
941974.3813,41848,41837,41705,44215,45666,48788
942988.3831,41877,41837,41706,44205,45676,48795
944002.3849,41876,41853,41700,44218,45673,48793
945016.3867,41875,41853,41707,44212,45681,48796
946030.3885,41865,41853,41699,44213,45662,48780
947044.3902,41818,41829,41694,44212,45670,48797
948058.392,41840,41819,41675,44205,45635,48784
949072.3938,41870,41848,41705,44197,45668,48791
950086.3956,41875,41840,41699,44191,45678,48787
951100.3974,41842,41836,41698,44213,45664,48787
952114.3991,41841,41822,41695,44206,45662,48785
953130.401,41846,41836,41698,44203,45668,48791
954144.4028,41850,41833,41697,44209,45667,48781
955158.4046,41828,41826,41695,44213,45676,48791
956172.4064,41831,41851,41707,44225,45677,48790
957186.4082,41858,41841,41701,44216,45667,48788
958200.4099,41860,41845,41701,44201,45668,48789
959214.4117,41828,41848,41694,44213,45665,48783
960228.4135,41802,41820,41703,44211,45679,48798
961242.4153,41868,41849,41705,44224,45672,48794
962256.4171,41871,41825,41677,44210,45669,48789
963270.4188,41818,41843,41702,44211,45677,48794
964284.4206,41796,41832,41702,44223,45689,48793
965298.4224,41876,41846,41703,44211,45672,48785
966312.4242,41846,41844,41698,44211,45671,48780
967326.426,41860,41852,41696,44210,45662,48781
968340.4278,41828,41826,41671,44200,45639,48768
969354.4295,41830,41828,41693,44217,45662,48786
970368.4313,41871,41830,41673,44195,45686,48793
971382.4331,41848,41833,41700,44223,45677,48800
972396.4349,41835,41831,41666,44206,45672,48784
973410.4367,41876,41834,41702,44216,45662,48784
974424.4384,41867,41854,41703,44215,45664,48788
975438.4402,41883,41856,41691,44217,45656,48790
976452.442,41858,41839,41700,44199,45665,48782
977466.4438,41851,41837,41697,44201,45661,48789
978480.4456,41801,41828,41674,44208,45644,48783
979494.4473,41852,41845,41710,44237,45679,48801
980508.4491,41839,41854,41705,44205,45673,48793
981522.4509,41882,41851,41703,44218,45670,48792
982536.4527,41848,41855,41705,44224,45666,48795
983550.4545,41852,41855,41699,44211,45670,48783
984566.4564,41865,41834,41701,44222,45675,48796
985580.4581,41864,41854,41699,44218,45661,48787
986594.4599,41827,41849,41696,44207,45661,48783
987608.4617,41827,41836,41686,44220,45671,48801
988622.4635,41898,41838,41699,44207,45667,48783
989636.4653,41905,41844,41709,44229,45672,48791
992678.4706,41803,41810,41695,44187,45628,48774
993692.4724,2351,39340,32383,9840,45641,48757
994706.4742,41836,41819,41691,44207,45669,48784
995720.476,41805,41826,41704,44213,45677,48801
996734.4777,41875,41839,41701,44199,45666,48786
997748.4795,41833,41833,41697,44199,45663,48782
998762.4813,41873,41838,41697,44204,45677,48793
999776.4831,41889,41820,41691,44200,45662,48781
1000790.4849,41867,41804,41671,44188,45632,48752
1001804.4866,41834,41838,41700,44208,45669,48788
1002818.4884,41876,41809,41669,44188,45655,48799
1003832.4902,41858,41847,41715,44203,45664,48787
1004846.492,41865,41837,41706,44203,45673,48789
1005860.4938,41819,41817,41685,44213,45673,48791
1006874.4955,41801,41821,41694,44194,45660,48793
1007888.4973,41835,41822,41705,44219,45653,48800
1008902.4991,41840,41818,41682,44195,45681,48796
1009916.5009,41809,41817,41666,44213,45660,48781
1010930.5027,41803,41820,41679,44194,45660,48788
1011944.5044,41835,41802,41670,44192,45666,48759
1012958.5062,41826,41809,41662,44197,45635,48755
1013972.508,41878,41848,41706,44211,45679,48788
1018030.5152,41848,41824,41706,44202,45666,48787
1019044.517,41842,41805,41671,44193,45645,48753
1020058.5188,41854,41811,41666,44186,45630,48751
1021072.5206,41846,41806,41656,44193,45633,48751
1022086.5224,41882,41821,41669,44191,45634,48754
1023100.5242,41880,41817,41676,44195,45641,48754
1024114.5259,41852,41811,41669,44183,45634,48780
1025128.5277,41824,41813,41684,44203,45655,48798
1028170.5331,41843,39116,2453,247,45655,48768
1029184.5348,41828,41835,41720,44218,45661,48796
1030198.5366,41850,41823,41682,44187,45663,48784
1031212.5384,41860,41828,41697,44184,45651,48784
1032226.5402,41880,41804,41693,44193,45674,48787
1033240.542,41871,41822,41697,44198,45662,48787
1034254.5437,41806,41803,41655,44176,45628,48744
1035268.5455,41865,41815,41684,44180,45660,48786
1036282.5473,41823,41828,41674,44185,45634,48746
1037296.5491,41851,41809,41669,44204,45650,48774
1038310.5509,41821,41816,41688,44216,45669,48783
1039324.5526,41842,41809,41667,44198,45640,48758
1040338.5544,41817,41799,41696,44182,45669,48793
1041352.5562,41818,41819,41702,44188,45632,48783
1042366.558,41844,41820,41699,44186,45636,48781
1043380.5598,41848,41810,41666,44185,45632,48755
1046422.5651,41877,41815,41671,44196,45657,48768
1047436.5669,41837,41824,41667,44186,45639,48770
1048452.5688,41821,41808,41664,44182,45633,48765
1049466.5706,41836,41819,41695,44214,45658,48781
1050480.5724,41862,41814,41706,44203,45654,48795
1051494.5741,41835,41839,41696,44212,45666,48806
1052508.5759,41886,41822,41699,44198,45683,48794
1053522.5777,41862,41812,41664,44196,45631,48752
1054536.5795,41883,41826,41693,44215,45664,48793
1055550.5813,41817,41815,41665,44202,45653,48786
1056564.583,41842,41820,41692,44189,45662,48787
1057578.5848,41854,41812,41692,44207,45663,48784
1058592.5866,41813,41811,41668,44187,45640,48764
1062648.5937,41868,41815,41661,44183,45625,48743
1063662.5955,41822,41809,41678,44217,45675,48797
1064676.5973,41817,41806,41653,44182,45660,48794
1065690.5991,41848,41845,41693,44202,45667,48796
1066704.6009,41864,41824,41690,44178,45658,48780
1067718.6026,41853,41823,41701,44214,45670,48790
1068732.6044,41874,41810,41665,44179,45633,48750
1069746.6062,41813,41799,41662,44182,45647,48789
1204601.2435,41804,41800,3382,2856,39144,48757
1205615.2453,41824,41854,41686,44220,45658,48784
1256320.3346,2350,39414,41649,27680,17020,48744
1257327.7369,41817,41821,41686,44190,45645,48775
1258341.7387,41827,41799,41662,44187,45625,48773
1259355.7404,41794,41801,41655,44180,45609,48761
1525037.3128,41816,41799,41652,44180,45633,48758
1526051.3146,41836,41820,41664,44171,45641,48763
1527065.3163,41815,41813,41662,44178,45636,48763
1528079.3181,41846,41824,41663,44173,45638,48763
1529093.3199,41847,41821,41665,44178,45649,48764
1530107.3217,41807,41794,41657,44172,45642,48769
1531121.3235,41852,41813,41658,44177,45637,48772
1532124.7253,41777,41799,41655,44192,4565